[{"author": "Gita Jackson, Jason Koebler", "title": "The Unofficial Guide to Getting a COVID Vaccine", "description": "The vaccine rollout has been confusing at best. These volunteers are here to help.", "url": "https://www.vice.com/en/article/k7av4a/the-unofficial-guide-to-getting-a-covid-vaccine", "urlToImage": "https://video-images.vice.com/articles/604a82b3a2d74200936f53ca/lede/1615500053618-gettyimages-1230008954.jpeg?image-resize-opts=Y3JvcD0xeHc6MC44NDI1eGg7MHh3LDAuMTU0NXhoJnJlc2l6ZT0xMjAwOiomcmVzaXplPTEyMDA6Kg", "publishedAt": "2021-03-12T14:00:00Z", "content": "The rollout for the COVID-19 vaccine is in full swing across the United States, but access to it has varied widely between states, counties, and even clinics. Figuring out how and where to get the va\u2026 [+7969 chars]", "source.id": "vice-news", "source.name": "Vice News"}, {"author": "Josh Terry, Leslie Horn", "title": "It\u2019s Probably OK to Be Optimistic About Bands Announcing Fall Tours", "description": "With Dinosaur Jr. and more planning shows, vaccination rates need to improve and masks stay necessary if live music comes back this year.", "url": "https://www.vice.com/en/article/7k9ygy/dinosaur-jr-fall-tour-announcement-covid-19-live-music", "urlToImage": "https://video-images.vice.com/articles/604a790da343c40099f7c237/lede/1615493882952-dinosaur-jr-by-cara-totman-scaled.jpeg?image-resize-opts=Y3JvcD0xeHc6MC44NDI0eGg7MHh3LDAuMTU3NnhoJnJlc2l6ZT0xMjAwOiomcmVzaXplPTEyMDA6Kg", "publishedAt": "2021-03-11T20:48:28Z", "content": "On March 11, indie rock mainstays Dinosaur Jr. announced a months-long North American tour, with a two month first leg kicking off in September and a second one on the West Coast scheduled throughout\u2026 [+2886 chars]", "source.id": "vice-news", "source.name": "Vice News"}, {"author": "Anthony Esguerra, Joe Freeman", "title": "Kissing and Hugging in Public Is Now Officially Frowned Upon in the Philippines", "description": "Public displays of affection are no longer allowed, according to new public health measures that were widely mocked.", "url": "https://www.vice.com/en/article/3an9xw/kissing-hugging-public-philippines-coronavirus", "urlToImage": "https://video-images.vice.com/articles/604b0d6f276e89009b9a7e80/lede/1615532153503-untitled-design.png?image-resize-opts=Y3JvcD0xeHc6MC43NDkzeGg7MHh3LDAuMTIxM3hoJnJlc2l6ZT0xMjAwOiomcmVzaXplPTEyMDA6Kg", "publishedAt": "2021-03-12T07:28:12Z", "content": "Police in the Philippines have officially discouraged holding hands or hugging and kissing in public in an attempt to control a spike in coronavirus cases, though it remains unclear how they plan to \u2026 [+2227 chars]", "source.id": "vice-news", "source.name": "Vice News"}, {"author": "Hyeong Yun, Alan Wong", "title": "This Nose Ring Is Said to Protect You From COVID. Yeah, Right.", "description": "South Korean police have charged a man for bullshit claims that a nose ring prevents COVID-19.", "url": "https://www.vice.com/en/article/88apwb/covid-coronavirus-nose-ring-south-korea", "urlToImage": "https://video-images.vice.com/articles/604afacd276e89009b9a7c45/lede/1615527585511-ledenose-ring.png?image-resize-opts=Y3JvcD0xeHc6MXhoO2NlbnRlcixjZW50ZXImcmVzaXplPTEyMDA6KiZyZXNpemU9MTIwMDoq", "publishedAt": "2021-03-12T07:09:14Z", "content": "Imagine a mask that doesnt cover up half your face, one that you dont have to take off to eat or drink. Imagine a mask that fully protects you from the coronavirusor just about any virus.\r\nThats what\u2026 [+1711 chars]", "source.id": "vice-news", "source.name": "Vice News"}, {"author": "Simon Childs, Phoebe Hurst", "title": "'Business as Usual' \u2013 How the Government Downplayed the Risk of COVID at Work", "description": "\u201cOur jobs are not worth our lives\", says the editor of a new report into the government's \"light touch\" approach to workplace safety during the pandemic.", "url": "https://www.vice.com/en/article/pkd5nk/institute-employment-rights-report-coronavirus-workplace-risk", "urlToImage": "https://video-images.vice.com/articles/604a1cd8276e89009b9a0453/lede/1615471543177-gettyimages-1214515159.jpeg?image-resize-opts=Y3JvcD0xeHc6MC44NDM5eGg7MHh3LDAuMDA3eGgmcmVzaXplPTEyMDA6KiZyZXNpemU9MTIwMDoq", "publishedAt": "2021-03-11T14:25:18Z", "content": "The government has dangerously downplayed the risk of catching coronavirus at work, in order to continue with business as usual experts have found.\r\nA report from the Institute of Employment Rights h\u2026 [+8090 chars]", "source.id": "vice-news", "source.name": "Vice News"}, {"author": "Hannah Smothers, Casey Johnston", "title": "How New CDC Rules About Post-Vax Hangouts Affect You, Personally", "description": "Can you hug your vaccinated grandparents? Throw a 10-person dinner party? Grocery shop, sans mask, if you\u2019ve been jabbed?", "url": "https://www.vice.com/en/article/k7avma/how-new-cdc-rules-guidelines-about-post-vaccine-hangouts-affect-you-personally", "urlToImage": "https://video-images.vice.com/articles/604a476d201cc4009a47d6c8/lede/1615483106719-gettyimages-1263130895.jpeg?image-resize-opts=Y3JvcD0xeHc6MC44NDIzeGg7MHh3LDAuMDc4NXhoJnJlc2l6ZT0xMjAwOiomcmVzaXplPTEyMDA6Kg", "publishedAt": "2021-03-11T17:29:06Z", "content": "Earlier this week, the CDC released its first set of guidelines for the small (but steadily growing) population of people whove been fully vaccinated against COVID-19. As Shira Shafir, an associate p\u2026 [+5836 chars]", "source.id": "vice-news", "source.name": "Vice News"}, {"author": "Hilary Pollack, Mary Frances Knapp", "title": "When COVID Ends, I'm Going to Embrace My Inner Bimbo", "description": "I\u2019ll see you at the steakhouse bar, in my silk pajamas, with a tiny poodle in my purse and an ice cold martini in my hand.", "url": "https://www.vice.com/en/article/dy8m8x/best-silk-pink-pajamas-himbo-emerald-fennell", "urlToImage": "https://video-images.vice.com/articles/604bc01ec2eb440092cce3d7/lede/1615577873654-bimbo-1.jpeg?image-resize-opts=Y3JvcD0wLjk4NzY1NDMyMDk4NzY1NDR4dzoxeGg7Y2VudGVyLGNlbnRlciZyZXNpemU9MTIwMDoqJnJlc2l6ZT0xMjAwOio", "publishedAt": "2021-03-12T20:34:44Z", "content": "Welcome to Fantasy Week, where we indulge all our grandest daydreams about what we wish to do when this is all over. After a year of pandemic life, were fantasizing about globetrotting, throwing rage\u2026 [+8731 chars]", "source.id": "vice-news", "source.name": "Vice News"}, {"author": "Mary Frances Knapp, Hilary Pollack", "title": "Oversized Clothing Is Getting Ridiculously Huge and I'm All About It", "description": "I'm ready to become a hot, human sleeping bag with impossibly clunky shoes and an adult-baby T-shirt for the rest of COVID and beyond.", "url": "https://www.vice.com/en/article/m7azaa/best-baggy-oversized-clothes", "urlToImage": "https://video-images.vice.com/articles/604ba4a5156fc5009ab0c166/social_lede/1615582529612-baggy-1.jpeg?image-resize-opts=Y3JvcD0wLjk4NzY1NDMyMDk4NzY1NDR4dzoxeGg7Y2VudGVyLGNlbnRlciZyZXNpemU9MTIwMDoqJnJlc2l6ZT0xMjAwOio", "publishedAt": "2021-03-12T21:06:04Z", "content": "Welcome to Fantasy Week, where we indulge all our grandest daydreams about what we wish to do when this is all over. After a year of pandemic life, were fantasizing about globetrotting, throwing rage\u2026 [+8531 chars]", "source.id": "vice-news", "source.name": "Vice News"}, {"author": "Paul Blest, Anne Torpey", "title": "GOP Senator Says You\u2019re Welcome for the COVID Aid Bill He Tried to Kill", "description": "Sen. Roger Wicker\u2019s tweet kind of reminds us of the 2009 American Recovery and Reinvestment Act, which Republicans slammed but then took credit for.", "url": "https://www.vice.com/en/article/akdmx8/gop-senator-says-youre-welcome-for-the-covid-aid-bill-he-tried-to-kill", "urlToImage": "https://video-images.vice.com/articles/604a5eb6964257009468cf11/lede/1615487477183-ap19222121795679.jpeg?image-resize-opts=Y3JvcD0wLjg3MDh4dzowLjczNHhoOzAuMDc5M3h3LDAuMDkwMnhoJnJlc2l6ZT0xMjAwOiomcmVzaXplPTEyMDA6Kg", "publishedAt": "2021-03-11T18:33:18Z", "content": "Mississippi Sen. Roger Wicker sure seems to be taking credit for the direct restaurant aid included in the COVID relief packagewhich would be fine if hed actually voted for it.\r\nOn Wednesday, after t\u2026 [+2933 chars]", "source.id": "vice-news", "source.name": "Vice News"}, {"author": "Edward Ongweso Jr, Jordan Pearson", "title": "Uber Is Expanding Its War on Labor to Canada With a Prop 22 Clone", "description": "In a new proposal announced Wednesday, the company is proposing provincial Canadian governments deny gig workers employee classification in exchange for a paltry benefits fund.", "url": "https://www.vice.com/en/article/88apja/uber-is-expanding-its-war-on-labor-to-canada-with-a-prop-22-clone", "urlToImage": "https://video-images.vice.com/articles/60494625ccac41009b6fb91a/lede/1615452005591-gettyimages-1137615476.jpeg?image-resize-opts=Y3JvcD0xeHc6MC44MjA1MDIxNjc2MzAwNTc4eGg7Y2VudGVyLGNlbnRlciZyZXNpemU9MTIwMDoqJnJlc2l6ZT0xMjAwOio", "publishedAt": "2021-03-11T14:00:00Z", "content": "On the Clock is Motherboard's reporting on the organized labor movement, gig work, automation, and the future of work.\r\nUber has launched the next front of its war on labor laws and traditional emplo\u2026 [+4337 chars]", "source.id": "vice-news", "source.name": "Vice News"}, {"author": "Mary Frances Knapp, Hilary Pollack", "title": "All the Ridiculous Theme Hotels I Want to Crash at After COVID", "description": "I long for a time when I can soak in these heart-shaped bathtubs and psychedelic hotel rooms with 15 of my closest friends.", "url": "https://www.vice.com/en/article/n7vp8z/unique-kitschy-hotels-in-the-us", "urlToImage": "https://video-images.vice.com/articles/604a8c437318e30094840a56/lede/1615500029670-pines.jpeg?image-resize-opts=Y3JvcD0xeHc6MC44NDI3eGg7MHh3LDAuMDM4NXhoJnJlc2l6ZT0xMjAwOiomcmVzaXplPTEyMDA6Kg", "publishedAt": "2021-03-12T15:12:59Z", "content": "Welcome to Fantasy Week, where we indulge all our grandest daydreams about what we wish to do when this is all over. After a year of pandemic life, were fantasizing about globetrotting, throwing rage\u2026 [+6773 chars]", "source.id": "vice-news", "source.name": "Vice News"}, {"author": "Carter Sherman, Michael Learmonth", "title": "Inside the #MeToo Scandal That\u2019s Tearing Apart Time\u2019s Up", "description": "One of the group\u2019s top members is accused of silencing a woman who\u2019s trying to report sexual harassment. Her \u201csisters\u201d are standing by her.", "url": "https://www.vice.com/en/article/4ad9kn/inside-the-metoo-scandal-thats-tearing-apart-times-up", "urlToImage": "https://video-images.vice.com/articles/604a9e99156fc5009aaf4dee/lede/1615503299374-ap19261805366884.jpeg?image-resize-opts=Y3JvcD0xeHc6MC44NDM0eGg7MHh3LDAuMDMwNHhoJnJlc2l6ZT0xMjAwOiomcmVzaXplPTEyMDA6Kg", "publishedAt": "2021-03-11T23:33:50Z", "content": "Times Up, the group founded by Hollywood power players to combat sexual harassment in the wake of the #MeToo reckoning, has spent the last week facing a reckoning of its own.\u00a0\r\nOne of the groups top \u2026 [+8570 chars]", "source.id": "vice-news", "source.name": "Vice News"}, {"author": "Paul Blest, Azure Gilman", "title": "Trump Really Wants You to Thank Him for How Well the Pandemic Is Going", "description": "You\u2019re welcome, America.", "url": "https://www.vice.com/en/article/epd3ek/trump-really-wants-you-to-thank-him-for-how-well-the-pandemic-is-going", "urlToImage": "https://video-images.vice.com/articles/604a3347a2d74200936f2465/lede/1615475529204-gettyimages-1230689498.jpeg?image-resize-opts=Y3JvcD0xeHc6MC44NDI3eGg7MHh3LDB4aCZyZXNpemU9MTIwMDoqJnJlc2l6ZT0xMjAwOio", "publishedAt": "2021-03-11T15:40:18Z", "content": "Former President Donald Trump just wants a thank you.\u00a0\r\nOn the day that Congress passed a sweeping COVID relief package and President Joe Biden announced the government had purchased around 100 milli\u2026 [+2910 chars]", "source.id": "vice-news", "source.name": "Vice News"}, {"author": "Samir Ferdowsi, Greg Walters, Azure Gilman", "title": "Nightmare Uber Rider Who Coughed On Her Asian Driver Will Turn Herself In", "description": "Arna Kimiai has previously gone on Instagram live clad only in a bra to defend herself in an unapologetic tirade.", "url": "https://www.vice.com/en/article/y3g8m7/nightmare-uber-rider-who-coughed-on-her-asian-driver-will-turn-herself-in", "urlToImage": "https://video-images.vice.com/articles/604b63b37318e3009484c9c0/lede/1615553460077-1615395791230-screen-shot-2021-03-10-at-120245-pm.png?image-resize-opts=Y3JvcD0xeHc6MC45OTkxMTE5MDA1MzI4NTk3eGg7Y2VudGVyLGNlbnRlciZyZXNpemU9MTIwMDoqJnJlc2l6ZT0xMjAwOio", "publishedAt": "2021-03-12T13:20:47Z", "content": "The racial slur-spewing Uber rider who coughed on her Asian driver, then defended herself in a bizarre lingerie-clad appearance on Instagram, told police she plans to turn herself in.\r\nThe woman, who\u2026 [+2360 chars]", "source.id": "vice-news", "source.name": "Vice News"}, {"author": "Josh Terry, Leslie Horn", "title": "In Addition to a Pandemic, Texas Venues Must Now Survive Their Own Governor", "description": "After Gov. Abbott lifted mask mandates and COVID-19 restrictions, venue owners, workers, and promoters are fighting back.", "url": "https://www.vice.com/en/article/m7ayzx/governor-greg-abbott-is-making-it-harder-for-texas-venues-to-survive-covid-19", "urlToImage": "https://video-images.vice.com/articles/604a2e15964257009468a48a/lede/1615478601559-gettyimages-1231639547.jpeg?image-resize-opts=Y3JvcD0xeHc6MC44NDM3NXhoO2NlbnRlcixjZW50ZXImcmVzaXplPTEyMDA6KiZyZXNpemU9MTIwMDoq", "publishedAt": "2021-03-11T16:06:47Z", "content": "On March 2, Texas Independence Day, Governor Greg Abbott announced that the state would lift all coronavirus restrictions, including mask mandates and public gathering restrictions, starting March 10\u2026 [+7107 chars]", "source.id": "vice-news", "source.name": "Vice News"}, {"author": "Viola Zhou, Alan Wong", "title": "We Talked to the Chinese Man Who Made This\u00a0Surreal\u00a0\u2018Trump Buddha\u2019 Statue", "description": "The Chinese sculptor has a message for the ex-president.", "url": "https://www.vice.com/en/article/m7azja/trump-buddha-statue-china-taobao", "urlToImage": "https://video-images.vice.com/articles/604b743159801d00937e7b0f/lede/1615557923819-img3257.jpeg?image-resize-opts=Y3JvcD0xeHc6MC43NDk1eGg7MHh3LDAuMjQzNXhoJnJlc2l6ZT0xMjAwOiomcmVzaXplPTEyMDA6Kg", "publishedAt": "2021-03-12T15:33:11Z", "content": "A Chinese artist who managed to put Trump and Zen together in the form of a sculpture said he had a message for the bombastic former president: Let go.\r\nThe ceramic statue of the 45th U.S. president \u2026 [+3246 chars]", "source.id": "vice-news", "source.name": "Vice News"}, {"author": "Yangyang Cheng, Alan Wong", "title": "The US Is Building Walls Around Science, and We\u2019re All Poorer for It", "description": "In a world fractured by nations, races, and governing systems, can science transcend political borders?", "url": "https://www.vice.com/en/article/xgzbqq/us-china-relations-science-rivalry-gang-chen-mit", "urlToImage": "https://video-images.vice.com/articles/604b2892276e89009b9a93ec/lede/1615548597804-vice-editorial-op-ed-about-technology-and-nationalism-5.jpeg?image-resize-opts=Y3JvcD0xeHc6MXhoO2NlbnRlcixjZW50ZXImcmVzaXplPTEyMDA6KiZyZXNpemU9MTIwMDoq", "publishedAt": "2021-03-12T11:33:09Z", "content": "The author of this op-ed is a postdoctoral fellow at Yale Law Schools Paul Tsai China Center and a particle physicist.\r\nThe email intrigues me. Consisting of six bullet points, the content is banal a\u2026 [+25379 chars]", "source.id": "vice-news", "source.name": "Vice News"}, {"author": "Jelisa Castrodale, Leslie Horn", "title": "Oklahoma Bigfoot Researchers Aren't Psyched About $2.1M Bigfoot Bounty", "description": "\"For those of us that are out there, now we've got to worry about all these idiots going out into the woods.\"", "url": "https://www.vice.com/en/article/dy8bnm/oklahoma-bigfoot-researchers-arent-psyched-about-21-million-dollar-bigfoot-bounty", "urlToImage": "https://video-images.vice.com/articles/604a7c72a2d74200936f50df/lede/1615496311936-gettyimages-516422221.jpeg?image-resize-opts=Y3JvcD0xeHc6MC44NDE4eGg7MHh3LDAuMDgwMXhoJnJlc2l6ZT0xMjAwOiomcmVzaXplPTEyMDA6Kg", "publishedAt": "2021-03-12T12:30:00Z", "content": "Oklahoma State Representative Justin Humphrey has already proposed more than a dozen pieces of legislation this year, writing a bill that would make it a felony to \"cast contempt\" on the American fla\u2026 [+6831 chars]", "source.id": "vice-news", "source.name": "Vice News"}, {"author": "Hanako Montgomery, Alan Wong", "title": "Who Buys Porn Magazines Anymore? We Asked the Editor of One", "description": "Porn magazines are disappearing from Japanese convenience stores, but they\u2019re not quite dead yet.", "url": "https://www.vice.com/en/article/k7adea/who-buys-porn-magazine-japan-olympics", "urlToImage": "https://video-images.vice.com/articles/604b2f99ccac41009b70e651/lede/1615541966069-studioproject-1.jpeg?image-resize-opts=Y3JvcD0xeHc6MXhoO2NlbnRlcixjZW50ZXImcmVzaXplPTEyMDA6KiZyZXNpemU9MTIwMDoq", "publishedAt": "2021-03-12T10:02:02Z", "content": "Porn magazines once lined the aisles of Japanese convenience stores. Usually tucked away to one side, cover models clad in minimal clothing smiled down at customers and enticed them to pick up a copy\u2026 [+3728 chars]", "source.id": "vice-news", "source.name": "Vice News"}, {"author": "Alex Zaragoza, Leslie Horn", "title": "Tiffany Moon Discusses the Racism She Faced on \u2018Real Housewives of Dallas\u2019", "description": "VICE spoke to the anesthesiologist about how her time on 'RHOD' illustrates the racism and microaggressions Asian Americans face regularly.", "url": "https://www.vice.com/en/article/v7mwm8/interview-tiffany-moon-real-housewives-dallas-racism-against-asian-americans", "urlToImage": "https://video-images.vice.com/articles/604bd53aa2d742009370e8ca/lede/1615582994871-l-intro-1606789066.jpeg?image-resize-opts=Y3JvcD0wLjk5ODg4ODg4ODg4ODg4ODh4dzoxeGg7Y2VudGVyLGNlbnRlciZyZXNpemU9MTIwMDoqJnJlc2l6ZT0xMjAwOio", "publishedAt": "2021-03-12T21:35:47Z", "content": "Dr. Tiffany Moon is flabbergasted. After taking a tequila shot at a dinner during a trip to Austin and being directed to \"turn it up, ladies\" by her friend D'Andra, the mood takes a sharp shift when \u2026 [+11639 chars]", "source.id": "vice-news", "source.name": "Vice News"}, {"author": "Kyle Olson, \nKyle Olson", "title": "Joe Biden Claims Credit for Speedy Coronavirus Vaccine", "description": "President Joe Biden claimed credit Thursday for the speedy manufacturing and distribution of a coronavirus vaccine that was ordered by then-President Donald Trump.", "url": "https://www.breitbart.com/politics/2021/03/12/joe-biden-claims-credit-for-speedy-coronavirus-vaccine/", "urlToImage": "https://media.breitbart.com/media/2021/03/public-press-conference-joe-biden-640x335.jpg", "publishedAt": "2021-03-12T12:28:30Z", "content": "President Joe Biden claimed credit Thursday for the speedy manufacturing and distribution of a coronavirus vaccine ordered by then-President Donald Trump.\r\nDuring a prime time address, Biden said, \u201cT\u2026 [+2322 chars]", "source.id": "breitbart-news", "source.name": "Breitbart News"}, {"author": "Ian Hanchett, \nIan Hanchett", "title": "GOP Rep. Waltz: COVID Bill 'Largest Expansion of the Welfare State' Since LBJ in the 60s", "description": "On Wednesday\u2019s broadcast of the Fox Business Network\u2019s \u201cMaking Money,\u201d Rep. Michael Waltz (R-FL) stated that the coronavirus relief package is \u201cthe largest expansion of the welfare state since Lyndon Baines Johnson in the 1960s.\u201d Waltz said, \u201cChina continues \u2026", "url": "https://www.breitbart.com/clips/2021/03/10/gop-rep-waltz-covid-bill-largest-expansion-of-the-welfare-state-since-lbj-in-the-60s/", "urlToImage": "https://media.breitbart.com/media/2020/08/Waltz-810-640x335.jpg", "publishedAt": "2021-03-11T00:51:31Z", "content": "On Wednesday\u2019s broadcast of the Fox Business Network\u2019s \u201cMaking Money,\u201d Rep. Michael Waltz (R-FL) stated that the coronavirus relief package is \u201cthe largest expansion of the welfare state since Lyndon\u2026 [+746 chars]", "source.id": "breitbart-news", "source.name": "Breitbart News"}, {"author": "Lucas Nolan", "title": "YouTube Blacklists 30,000 Videos It Claims Are Coronavirus Vaccine \u2018Misinformation\u2019", "description": "Google-owned video platform YouTube has reportedly removed more than 30,000 videos that the Masters of the Universe claim made misleading or false claims about coronavirus vaccines over the last six months.", "url": "https://www.breitbart.com/tech/2021/03/12/youtube-blacklists-30000-videos-it-claims-are-coronavirus-vaccine-misinformation/", "urlToImage": "https://media.breitbart.com/media/2019/06/Google-owned-Youtube-CEO-Susan-Wojcicki-640x335.jpg", "publishedAt": "2021-03-12T18:49:41Z", "content": "Google-owned video platform YouTube has reportedly removed more than 30,000 videos that the Masters of the Universe claim made misleading or false claims about coronavirus vaccines over the last six \u2026 [+1415 chars]", "source.id": "breitbart-news", "source.name": "Breitbart News"}, {"author": "Victoria Friedman", "title": "Blair Blames Brexit\u2026 for EU Vaccine Fiasco", "description": "Vaccine passport proponent and ardent Remainer Tony Blair has blamed Brexit for the EU's vaccine woes, claiming that had not Britain left, the bloc would not be \"ten weeks behind\" in inoculating hundreds of millions of people.", "url": "https://www.breitbart.com/europe/2021/03/11/blair-blames-brexit-for-eu-vaccine-fiasco/", "urlToImage": "https://media.breitbart.com/media/2021/03/Tony-Blair-640x335.jpg", "publishedAt": "2021-03-11T09:30:47Z", "content": "Vaccine passport proponent and ardent Remainer Tony Blair has blamed Brexit for the EU\u2019s vaccine woes, claiming that had not Britain left, the bloc would not be \u201cten weeks behind\u201d in inoculating hund\u2026 [+3580 chars]", "source.id": "breitbart-news", "source.name": "Breitbart News"}, {"author": "Amy Furr", "title": "Joe Biden: Every American Adult Eligible for Coronavirus Vaccine by May 1st", "description": "President Biden said Thursday he will direct all states, tribes, and territories to make people 18 and older eligible for the coronavirus vaccine by the beginning of May.", "url": "https://www.breitbart.com/health/2021/03/11/joe-biden-every-american-adult-eligible-coronavirus-vaccine-first-may/", "urlToImage": "https://media.breitbart.com/media/2021/01/GettyImages-1230536573-640x335.jpg", "publishedAt": "2021-03-12T02:27:18Z", "content": "President Biden said Thursday he will direct all states, tribes, and territories to make American adults eligible for the coronavirus vaccine by the beginning of May.\r\n\u201cTonight, I\u2019m announcing that I\u2026 [+1677 chars]", "source.id": "breitbart-news", "source.name": "Breitbart News"}, {"author": "Robert Kraychik", "title": "Alex Marlow to Tucker Carlson: Joe Biden\u2019s Speech Ignored Government\u2019s \u2018Anti-Science Lockdowns,\u2019 Nursing Home Deaths, Open Borders, Trump\u2019s Role in Vaccine Development", "description": "Alex Marlow joined Tucker Carlson to note how Joe Biden's speech about the COVID-19 pandemic made no mention of government-decreed lockdowns.", "url": "https://www.breitbart.com/politics/2021/03/11/alex-marlow-to-tucker-carlson-joe-bidens-speech-ignored-governments-anti-science-lockdowns-nursing-home-deaths-open-borders-trumps-role-in-vaccine-development/", "urlToImage": "https://media.breitbart.com/media/2021/03/Alex-Marlow-and-Tucker-Carlson-640x335.jpg", "publishedAt": "2021-03-12T04:52:05Z", "content": "Breitbart News Editor-in-Chief Alex Marlow, author of\u00a0Breaking the News: Exposing the Establishment Medias Hidden Deals and Secret Corruption\u00a0and host of SiriusXM\u2019s Breitbart News Daily, joined Thurs\u2026 [+2604 chars]", "source.id": "breitbart-news", "source.name": "Breitbart News"}, {"author": "Jeff Poor, \nJeff Poor", "title": "FNC's Carlson: Every American Deserves a Fair Trial --- Will George Floyd's Alleged Killer Derek Chauvin 'Have a Fair Trial?'", "description": "Wednesday, FNC's Tucker Carlson examined the circumstances around the Derek Chauvin murder trial set to begin and questioned whether or not Chauvin could have a fair trial given how the incident had played out in the media and nationally. | Clips", "url": "https://www.breitbart.com/clips/2021/03/11/fncs-carlson-every-american-deserves-a-fair-trial-will-george-floyds-alleged-killer-derek-chauvin-have-a-fair-trial/", "urlToImage": "https://media.breitbart.com/media/2020/11/Carlson121-640x335.jpg", "publishedAt": "2021-03-11T14:40:29Z", "content": "Wednesday, FNC\u2019s Tucker Carlson examined the circumstances around the Derek Chauvin murder trial set to begin and questioned whether or not Chauvin could have a fair trial given how the incident had \u2026 [+16867 chars]", "source.id": "breitbart-news", "source.name": "Breitbart News"}, {"author": "Bob Price", "title": "EXCLUSIVE: DHS Claims of Vaccinating Border Patrol Agents Is \u2018Smoke and Mirrors,\u2019 Says BP Union", "description": "National Border Patrol Council President Brandon Judd called Department of Homeland Security claims of a program to vaccinate Border Patrol agents \"smoke and mirror.\" The issue of front-line agents came to the forefront on Tuesday when Texas Governor Greg Abb\u2026", "url": "https://www.breitbart.com/border/2021/03/11/exclusive-dhs-claims-of-vaccinating-border-patrol-agents-is-smoke-and-mirrors-says-bp-union/", "urlToImage": "https://media.breitbart.com/media/2021/03/GettyImages-1208887999-640x335.jpg", "publishedAt": "2021-03-11T15:31:19Z", "content": "National Border Patrol Council President Brandon Judd called Department of Homeland Security claims of a program to vaccinate Border Patrol agents \u201csmoke and mirror.\u201d The issue of front-line agents c\u2026 [+6885 chars]", "source.id": "breitbart-news", "source.name": "Breitbart News"}, {"author": "AP", "title": "Olympic Host Japan Will Not Take Part in China Vaccine Offer", "description": "TOKYO (AP) \u2014 Japan will not take part in China\u2019s offer \u2014 accepted by the International Olympic Committee \u2014 to provide vaccines for \u201cparticipants\u201d in the postponed Tokyo Games and next year\u2019s Beijing Winter Games.", "url": "https://www.breitbart.com/sports/2021/03/12/olympic-host-japan-will-not-take-part-in-china-vaccine-offer/", "urlToImage": "https://media.breitbart.com/media/2020/03/Carl-Court_Getty-Images-1-640x335.jpg", "publishedAt": "2021-03-12T16:02:02Z", "content": "TOKYO (AP) Japan will not take part in Chinas offer accepted by the International Olympic Committee to provide vaccines for participants in the postponed Tokyo Games and next years Beijing Winter Gam\u2026 [+3068 chars]", "source.id": "breitbart-news", "source.name": "Breitbart News"}, {"author": "AP", "title": "China to Buy Vaccines for Beijing Olympians", "description": "GENEVA (AP) \u2014 China strengthened its relationship with the International Olympic Committee on Thursday by offering to pay for vaccines for athletes as criticism of the 2022 Winter Games host country continues.", "url": "https://www.breitbart.com/sports/2021/03/11/china-to-buy-vaccines-for-beijing-olympians/", "urlToImage": "https://media.breitbart.com/media/2020/12/GettyImages-1228017660-640x335.png", "publishedAt": "2021-03-11T20:04:54Z", "content": "GENEVA (AP) China strengthened its relationship with the International Olympic Committee on Thursday by offering to pay for vaccines for athletes as criticism of the 2022 Winter Games host country co\u2026 [+3046 chars]", "source.id": "breitbart-news", "source.name": "Breitbart News"}, {"author": "Hannah Bleau", "title": "Poll: Majority of Americans Support Restrictions on Unvaccinated People", "description": "A majority of Americans support restricting the freedoms of people who have not taken a coronavirus vaccine, according to a Reuters/Ipsos survey released this week.", "url": "https://www.breitbart.com/politics/2021/03/12/poll-majority-americans-support-restrictions-unvaccinated-people/", "urlToImage": "https://media.breitbart.com/media/2021/03/travellers-640x335.jpg", "publishedAt": "2021-03-12T18:01:24Z", "content": "A majority of Americans support restricting the freedoms of people who have not taken a coronavirus vaccine, according to a Reuters/Ipsos survey released this week.\r\nAccording to the survey, taken\u00a0Ma\u2026 [+2068 chars]", "source.id": "breitbart-news", "source.name": "Breitbart News"}, {"author": "Breitbart London", "title": "As Corona Cases Rise, Germany Warns Citizens to Brace for Tough Weeks Ahead", "description": "Germany\u00b4s health minister says the country should prepare for \"several very challenging weeks\" amid a rise in coronavirus cases.", "url": "https://www.breitbart.com/europe/2021/03/12/as-corona-cases-rise-germany-warns-citizens-to-brace-for-tough-weeks-ahead/", "urlToImage": "https://media.breitbart.com/media/2021/03/Jens-SPahn-AP-640x335.png", "publishedAt": "2021-03-12T12:29:13Z", "content": "AP, BERLIN \u2013 Germany\u00b4s health minister says the country should prepare for \u201cseveral very challenging weeks\u201d amid a rise in coronavirus cases.\r\nHealth Minister Jens Spahn told reporters in Berlin on F\u2026 [+725 chars]", "source.id": "breitbart-news", "source.name": "Breitbart News"}, {"author": "Ian Hanchett", "title": "Psaki: Biden Will Push to Make Some Social Safety Net Provisions of COVID Bill Permanent", "description": "On Wednesday\u2019s \u201cCNN Tonight,\u201d White House Press Secretary Jen Psaki stated that President Joe Biden will argue that some of the social safety net measures of the coronavirus relief bill should be made permanent. Host Don Lemon asked, \u201cThere\u2019s provisions", "url": "https://www.breitbart.com/clips/2021/03/10/psaki-biden-will-push-to-make-some-social-safety-net-provisions-of-covid-bill-permanent/", "urlToImage": "https://media.breitbart.com/media/2021/02/GettyImages-1231203195-640x335.jpg", "publishedAt": "2021-03-11T04:30:29Z", "content": "On Wednesday\u2019s \u201cCNN Tonight,\u201d White House Press Secretary Jen Psaki stated that President Joe Biden will argue that some of the social safety net measures of the coronavirus relief bill should be mad\u2026 [+1636 chars]", "source.id": "breitbart-news", "source.name": "Breitbart News"}, {"author": "John Hayward", "title": "W.H.O. Says It Could Take \u2018Years\u2019 to Determine the Origin of the Coronavirus", "description": "At a press briefing on Wednesday, World Health Organization (WHO) investigator Peter Daszak said he expected the origins of the Wuhan coronavirus pandemic would be determined \u201cfairly soon, within the next few years.\u201d", "url": "https://www.breitbart.com/national-security/2021/03/11/w-h-o-says-it-could-take-years-to-determine-the-origin-of-the-coronavirus/", "urlToImage": "https://media.breitbart.com/media/2021/03/Wet-market-640x335.jpg", "publishedAt": "2021-03-11T20:12:45Z", "content": "At a press briefing on Wednesday, World Health Organization (W.H.O.) investigator Peter Daszak said he expected the origins of the Wuhan coronavirus pandemic would be determined fairly soon, within t\u2026 [+2607 chars]", "source.id": "breitbart-news", "source.name": "Breitbart News"}, {"author": "David Ng", "title": "\u2018South Park\u2019 Parodies Coronavirus Vaccine Distribution, QAnon Followers", "description": "Comedy Central's South Park devoted an hour-long special episode Wednesday to parodying the coronavirus vaccine and QAnon followers who refuse to take the jab.", "url": "https://www.breitbart.com/entertainment/2021/03/11/south-park-parodies-coronavirus-vaccine-distribution-qanon-followers/", "urlToImage": "https://media.breitbart.com/media/2021/03/image-640x335.png", "publishedAt": "2021-03-11T20:20:19Z", "content": "Comedy Central\u2019s South Park devoted an hour-long special episode Wednesday to parodying the coronavirus vaccine and QAnon followers who refuse to take the jab. But in a twist, South Park residents di\u2026 [+2204 chars]", "source.id": "breitbart-news", "source.name": "Breitbart News"}, {"author": "Charlie Spiering", "title": "Watch: Obama, Bush, Clinton, and Carter Team up for Coronavirus Vaccine Promotion", "description": "Former presidents Barack Obama, George W. Bush, Bill Clinton, and Jimmy Carter teamed up for a video promoting the coronavirus vaccine.", "url": "https://www.breitbart.com/politics/2021/03/11/watch-obama-bush-clinton-and-carter-team-up-for-coronavirus-vaccine-promotion/", "urlToImage": "https://media.breitbart.com/media/2021/03/presidents-ad-640x335.jpg", "publishedAt": "2021-03-11T15:16:37Z", "content": "Former presidents Barack Obama, George W. Bush, Bill Clinton, and Jimmy Carter teamed up for a video promoting the coronavirus vaccine.\r\n\u201cThis vaccine means hope, it will protect you and those you lo\u2026 [+995 chars]", "source.id": "breitbart-news", "source.name": "Breitbart News"}, {"author": "AP", "title": "Positive COVID-19 Test for Virginia Nixes ACC Semifinal", "description": "The Atlantic Coast Conference has canceled its tournament semifinal game between No. 16 Virginia and Georgia Tech due to a positive COVID-19 test, quarantining and contact tracing within the Cavaliers program.", "url": "https://www.breitbart.com/sports/2021/03/12/positive-covid-19-test-for-virginia-nixes-acc-semifinal/", "urlToImage": "https://media.breitbart.com/media/2021/03/AP-Photo_Gerry-Broome-2-640x335.jpg", "publishedAt": "2021-03-12T19:24:39Z", "content": "The Atlantic Coast Conference has canceled its tournament semifinal game between No. 16 Virginia and Georgia Tech due to a positive COVID-19 test, quarantining and contact tracing within the Cavalier\u2026 [+2750 chars]", "source.id": "breitbart-news", "source.name": "Breitbart News"}, {"author": "Hannah Bleau", "title": "Survey: One Year After Pandemic, 79% of Parents Support In-Person Learning", "description": "The vast majority of K-12 parents support in-person learning despite looming concerns from public health officials over the Chinese coronavirus, a Gallup survey released Thursday found.", "url": "https://www.breitbart.com/education/2021/03/11/one-year-after-pandemic-79-parents-support-person-learning/", "urlToImage": "https://media.breitbart.com/media/2021/03/School-reopening-640x335.jpg", "publishedAt": "2021-03-11T16:46:14Z", "content": "The vast majority of K-12 parents support in-person learning despite looming concerns from public health officials over the Chinese coronavirus, a Gallup survey released Thursday found.\r\nThe survey, \u2026 [+4372 chars]", "source.id": "breitbart-news", "source.name": "Breitbart News"}, {"author": "Pam Key", "title": "Maddow: Biden Speech Was \u2018Very Moving\u2019 \u2014 Unlike Trump Who Made COVID All About Himself", "description": "MSNBC anchor Rachel Maddow\u00a0praised President Joe Biden's address on the coronavirus pandemic on Thursday evening and criticized former President Donald Trump. | Clips", "url": "https://www.breitbart.com/clips/2021/03/11/maddow-biden-speech-was-very-moving-unlike-trump-who-made-covid-all-about-himself/", "urlToImage": "https://media.breitbart.com/media/2018/01/Rachel-Maddow.jpg", "publishedAt": "2021-03-12T02:36:14Z", "content": "MSNBC anchor Rachel Maddow\u00a0praised President Joe Biden\u2019s address on the coronavirus pandemic on Thursday evening and criticized former President Donald Trump.\r\nMaddow said, \u201cIt was interesting knowin\u2026 [+2457 chars]", "source.id": "breitbart-news", "source.name": "Breitbart News"}, {"author": "Frances Martel", "title": "Iran Begins Importing Cuban Coronavirus Vaccine Candidates", "description": "The Islamic dictatorship of Iran celebrated the arrival on Thursday of 100,000 doses of coronavirus vaccine candidates made in Cuba.", "url": "https://www.breitbart.com/latin-america/2021/03/12/iran-begins-importing-cuban-coronavirus-vaccine-candidates/", "urlToImage": "https://media.breitbart.com/media/2021/03/Iran-Vaccine-640x335.jpg", "publishedAt": "2021-03-12T20:40:24Z", "content": "The Islamic dictatorship of Iran celebrated the arrival Thursday of 100,000 doses of coronavirus vaccine candidates made in Cuba, which claims to have four such products in development.\r\nIran and Cub\u2026 [+5652 chars]", "source.id": "breitbart-news", "source.name": "Breitbart News"}, {"author": "Ciara Nugent", "title": "Brazil\u2019s Bolsonaro Denied COVID-19 Was a Problem. Now He\u2019s Embracing Vaccines. Here\u2019s What Changed", "description": "Analysts say it is politics, not a record death toll, that is driving Bolsonaro\u2019s attempt to rebrand his pandemic leadership", "url": "https://time.com/5946401/brazil-covid-19-vaccines-bolsonaro/", "urlToImage": "https://api.time.com/wp-content/uploads/2021/03/Bolsonaro-mask.jpg?quality=85&w=1024&h=628&crop=1", "publishedAt": "2021-03-12T17:01:13Z", "content": "Jair Bolsonaro is trying to shed his image as a \u201ccoronavirus denier\u201d. Brazil\u2019s far right president has spent the past year dismissing COVID-19 as \u201ca little flu\u201d, and railing against lockdowns. As rec\u2026 [+9780 chars]", "source.id": "time", "source.name": "Time"}, {"author": "Abigail Abrams", "title": "One Year Into the Pandemic, the White House Aims to Prioritize People With Disabilities", "description": "One year ago, on March 11, 2020, the World Health Organization officially declared COVID-19 a pandemic. Since then, 29 million Americans have been infected and more than 500,000 have died. With spring on the horizon, more Americans getting vaccinated every da\u2026", "url": "https://time.com/5946183/white-house-disability-policy-director/", "urlToImage": "https://api.time.com/wp-content/uploads/2021/03/Kimberly-Knackstedt-interview.jpg?quality=85&crop=0px%2C260px%2C2400px%2C1256px&resize=1200%2C628&strip", "publishedAt": "2021-03-12T01:36:15Z", "content": "One year ago, on March 11, 2020, the World Health Organization officially declared COVID-19 a pandemic. Since then, 29 million Americans have been infected and more than 500,000 have died.\r\nWith spri\u2026 [+9449 chars]", "source.id": "time", "source.name": "Time"}, {"author": "Simon Shuster", "title": "Fake Vaccines Are \u2018Liquid Gold\u2019 In Pandemic Crime Wave Worth Billions, Says Interpol", "description": "As governments rush to vaccinate their citizens against COVID-19, organized crime groups are seeking to exploit weaknesses in the global vaccine supply chain, fueling a \u201cparallel pandemic of crime\u201d that has generated billions of dollars in illegal profits, ac\u2026", "url": "https://time.com/5945459/fake-vaccines-pandemic-crime-wave-interpol/", "urlToImage": "https://api.time.com/wp-content/uploads/2021/03/fake-vaccine-vials.jpg?quality=85&w=1024&h=628&crop=1", "publishedAt": "2021-03-12T16:50:30Z", "content": "As governments rush to vaccinate their citizens against COVID-19, organized crime groups are seeking to exploit weaknesses in the global vaccine supply chain, fueling a \u201cparallel pandemic of crime\u201d t\u2026 [+4139 chars]", "source.id": "time", "source.name": "Time"}, {"author": "Alana Abramson", "title": "The COVID-19 Relief Bill Isn\u2019t the Only Big Thing Joe Biden Has Done in His First 50 Days. Can He Keep It Up?", "description": "By some measures, Joe Biden has gotten off to a slow start as President. His transition was stalled by Donald Trump\u2019s refusal to acknowledge defeat. His Cabinet nominees are taking longer than most to be confirmed by the Senate. And he\u2019s signing his first maj\u2026", "url": "https://time.com/5945302/joe-biden-covid-19-relief-bill/", "urlToImage": "https://api.time.com/wp-content/uploads/2021/03/joe-biden-50-days.jpg?quality=85&w=1024&h=628&crop=1", "publishedAt": "2021-03-11T12:55:01Z", "content": "By some measures, Joe Biden has gotten off to a slow start as President. His transition was stalled by Donald Trump\u2019s refusal to acknowledge defeat. His Cabinet nominees are taking longer than most t\u2026 [+15433 chars]", "source.id": "time", "source.name": "Time"}, {"author": "Philip Elliott", "title": "Biden\u2019s First Primetime Speech Shows the Limits of Optimism", "description": "This article is part of the The DC Brief, TIME\u2019s politics newsletter. Sign up here to get stories like this sent to your inbox every weekday. You can\u2019t shake Joe Biden\u2019s optimism, that\u2019s for sure. On the one-year anniversary of a pandemic that has cost more t\u2026", "url": "https://time.com/5946411/biden-speech-optimism/", "urlToImage": "https://api.time.com/wp-content/uploads/2021/03/joe-biden-covid-year.jpg?quality=85&crop=0px%2C288px%2C2400px%2C1257px&resize=1200%2C628&strip", "publishedAt": "2021-03-12T16:20:39Z", "content": "This article is part of the The DC Brief, TIME\u2019s politics newsletter. Sign up here to get stories like this sent to your inbox every weekday.\r\nYou can\u2019t shake Joe Biden\u2019s optimism, that\u2019s for sure.\r\n\u2026 [+4054 chars]", "source.id": "time", "source.name": "Time"}, {"author": "Ian Bremmer", "title": "What Happens Next in Brazil Now that Lula Has Returned", "description": "Jair Bolsonaro is not the only larger-than-life politician in Brazil running for president anymore. In a surprise ruling this week, a Supreme Court judge overturned two corruption convictions against former president Luiz Inacio Lula da Silva, better known si\u2026", "url": "https://time.com/5946236/brazil-lula-returns/", "urlToImage": "https://api.time.com/wp-content/uploads/2021/03/lula-brazil-election.jpg?quality=85&w=1024&h=628&crop=1", "publishedAt": "2021-03-12T12:00:21Z", "content": "Jair Bolsonaro is not the only larger-than-life politician in Brazil running for president anymore. In a surprise ruling this week, a Supreme Court judge overturned two corruption convictions against\u2026 [+6878 chars]", "source.id": "time", "source.name": "Time"}, {"author": "Emily Wagster Pettus / AP", "title": "Mississippi Gov Signs Transphobic Bill Banning Trans Athletes From Women\u2019s Sports", "description": "Mississippi Republican Gov. Tate Reeves signed a bill Thursday to ban transgender athletes\u00a0from competing on girls or women\u2019s sports teams.", "url": "https://time.com/5946118/mississippi-trans-athlete-ban/", "urlToImage": "https://api.time.com/wp-content/uploads/2021/03/mississippi-trans-athlete-ban.jpg?quality=85&crop=0px%2C265px%2C5112px%2C2675px&resize=1200%2C628&strip", "publishedAt": "2021-03-11T17:52:10Z", "content": "(JACKSON, Miss.) \u2014 Mississippi Republican Gov. Tate Reeves signed a bill Thursday to ban transgender athletes from competing on girls or women\u2019s sports teams.\r\nMississippi is the first state this yea\u2026 [+3003 chars]", "source.id": "time", "source.name": "Time"}, {"author": "Rosa DeLauro", "title": "The Fight Against Child Poverty in America Finally Takes a Big Step Forward", "description": "I am the first-generation daughter of Italian immigrants. My mother worked behind a sewing machine in the sweatshops of New Haven, Connecticut. My dad sold insurance. Both my parents made the work of their lives helping other immigrants and helping ease their\u2026", "url": "https://time.com/5946068/child-poverty-america-stimulus/", "urlToImage": "https://api.time.com/wp-content/uploads/2021/03/america-child-povery.jpg?quality=85&w=1024&h=628&crop=1", "publishedAt": "2021-03-11T18:48:08Z", "content": "I am the first-generation daughter of Italian immigrants. My mother worked behind a sewing machine in the sweatshops of New Haven, Connecticut. My dad sold insurance. Both my parents made the work of\u2026 [+4803 chars]", "source.id": "time", "source.name": "Time"}, {"author": "Suyin Haynes", "title": "The Little-Known History Behind the People of Color Who Joined the Royal Family Long Before Meghan", "description": "The Royal Family's treatment of Meghan Markle has prompted comparisons with the way Queen Victoria treated several people of color she adopted as \"godchildren.\"", "url": "https://time.com/5946375/people-of-color-royal-family-victorian-era/", "urlToImage": "https://api.time.com/wp-content/uploads/2021/03/poc-royal-family-1.jpg?quality=85&crop=0px%2C497px%2C2400px%2C1256px&resize=1200%2C628&strip", "publishedAt": "2021-03-12T16:30:09Z", "content": "In the televised interview given by Meghan, Duchess of Sussex, and Prince Harry, Duke of Sussex, to Oprah earlier this week, the couple spoke of the way they had been treated by the Royal Family, and\u2026 [+8252 chars]", "source.id": "time", "source.name": "Time"}, {"author": "Annabel Gutterman", "title": "9 Authors on the Books That Got Them Through a Year of the Pandemic", "description": "A year into the pandemic, readers know more than ever: the act of picking up a book can be transformative. When lockdown orders swept the U.S. beginning in March 2020, many turned to books to help escape\u2014or confront\u2014the unknown. Some readers favored light dis\u2026", "url": "https://time.com/5946083/what-books-to-read-in-quarantine/", "urlToImage": "https://api.time.com/wp-content/uploads/2021/03/quarantine-book-shelf.jpg?quality=85&w=1200&h=628&crop=1", "publishedAt": "2021-03-12T20:02:51Z", "content": "Ayear into the pandemic, readers know more than ever: the act of picking up a book can be transformative. When lockdown orders swept the U.S. beginning in March 2020, many turned to books to help esc\u2026 [+6991 chars]", "source.id": "time", "source.name": "Time"}, {"author": "Madeline Roache", "title": "COVID-19 Cases Are Rising in Europe, and the Vaccine Rollout Is Lagging. How Did It All Go So Badly Wrong?", "description": "Europe was one of the first regions to be hit hard by COVID-19 last spring. In mid-May 2020, the World Health Organization declared it the \u201cepicenter\u201d of the pandemic, with more reported cases and deaths than the rest of the world combined. From there, in man\u2026", "url": "https://time.com/5945220/europe-covid-19-surge-2021/", "urlToImage": "https://api.time.com/wp-content/uploads/2021/03/GettyImages-1231375635.jpg?quality=85&w=1024&h=628&crop=1", "publishedAt": "2021-03-11T16:56:43Z", "content": "Europe was one of the first regions to be hit hard by COVID-19 last spring. In mid-May 2020, the World Health Organization declared it the \u201cepicenter\u201d of the pandemic, with more reported cases and de\u2026 [+10866 chars]", "source.id": "time", "source.name": "Time"}, {"author": "Zeke Miller and Jonathan Lemire / AP", "title": "\u2018We All Lost Something.\u2019 President Biden Mourns With Nation as He Directs States to Offer COVID-19 Vaccines to All by May 1", "description": "President Joe Biden used his first prime-time address to outline his plan to get the country \u201ccloser to normal\u201d by the Fourth of July", "url": "https://time.com/5946271/biden-covid-19-anniversary-speech/", "urlToImage": "https://api.time.com/wp-content/uploads/2021/03/biden-covid-19-speech.jpg?quality=85&crop=0px%2C0px%2C5718px%2C2993px&resize=1200%2C628&strip", "publishedAt": "2021-03-12T01:55:02Z", "content": "(WASHINGTON) \u2014 One year after the nation was brought to a near-standstill by the coronavirus, President Joe Biden used his first prime-time address to outline his plan Thursday night to make all adul\u2026 [+6147 chars]", "source.id": "time", "source.name": "Time"}, {"author": "Alice Park", "title": "Novavax Reports Its COVID-19 Vaccine is 96% Efficacious, Based on Phase 3 Trial Results", "description": "According to Novavax, its COVID-19 vaccine\u2014built on a unique technology that involves insect cells\u2014was highly effective in Phase 3 trials.", "url": "https://time.com/5946225/novavax-covid-19-phase-3-results/", "urlToImage": "https://api.time.com/wp-content/uploads/2021/03/GettyImages-1231474363-e1615505760411.jpg?quality=85&w=1200&h=628&crop=1", "publishedAt": "2021-03-11T23:55:36Z", "content": "Novavax reported on March 11 that its COVID-19 vaccine is 96% efficacious in reducing mild, moderate or severe disease. The Maryland-based company joins the handful of manufacturers that have reporte\u2026 [+4837 chars]", "source.id": "time", "source.name": "Time"}, {"author": "DAVID BILLER and D\u00c9BORA \u00c1LVARES / AP", "title": "Brazil\u2019s Hospitals Are Buckling in the Absence of a National Virus Plan", "description": "The country\u2019s failure to arrest the virus' spread is a warning to the world, says Tedros Adhanom Ghebreyesus, director of the WHO.", "url": "https://time.com/5945644/brazil-hospitals-coronavirus/", "urlToImage": "https://api.time.com/wp-content/uploads/2021/03/AP21063614134771.jpg?quality=85&w=1200&h=628&crop=1", "publishedAt": "2021-03-11T06:30:52Z", "content": "RIO DE JANEIRO \u2014 Brazil\u2019s hospitals are faltering as a highly contagious coronavirus variant tears through the country, the president insists on unproven treatments and the only attempt to create a n\u2026 [+6608 chars]", "source.id": "time", "source.name": "Time"}, {"author": "Amy Gunia", "title": "\u2018We\u2019ve Had Enough.\u2019 Furious Australian Women Force a Reckoning on Sexism After a Rape Allegation in the Government", "description": "Some 30,000 people have joined the March 4 Justice Facebook group planning protests following the accusation by Brittany Higgins.", "url": "https://time.com/5945614/australia-protests-rape-allegations/", "urlToImage": "https://api.time.com/wp-content/uploads/2021/03/Janine-Hendry.jpg?quality=85&w=1200&h=628&crop=1", "publishedAt": "2021-03-12T09:31:43Z", "content": "When Janine Hendry started a Facebook group to protest against sexism and sexual misconduct at Australia\u2019s parliament, she figured just a few of her friends might turn up.\r\nBut her plans snowballed q\u2026 [+7253 chars]", "source.id": "time", "source.name": "Time"}, {"author": "Cady Lang", "title": "How Princess Diana\u2019s Panorama Interview 25 Years Ago Paved the Way for Meghan and Harry\u2019s Oprah Tell-All", "description": "Princess Diana helped make Prince Harry and Meghan Markle's Oprah sit-down possible when she gave an interview to the BBC's Panorama in 1995.", "url": "https://time.com/5945030/princess-diana-panorama-meghan-markle-prince-harry/", "urlToImage": "https://api.time.com/wp-content/uploads/2021/03/Princess-Diana-Panorama-interview.jpg?quality=85&crop=1px%2C0px%2C1024px%2C536px&resize=1200%2C628&strip", "publishedAt": "2021-03-11T06:03:30Z", "content": "During Oprah Winfrey\u2019s revealing interview on Sunday night, Prince Harry drew parallels between the experiences of his mother, the late Princess Diana, and his wife Meghan Markle\u2019s harrowing treatmen\u2026 [+6323 chars]", "source.id": "time", "source.name": "Time"}, {"author": "Melissa Chan", "title": "Lady Gaga Isn\u2019t Alone. Demand for Pandemic Pups is High, and Some Dog Breeds are More Vulnerable Than Others", "description": "Lady Gaga isn't alone. Demand for dogs is high, and criminals are targeting breeds they can sell for thousands of dollars online", "url": "https://time.com/5945294/dog-theft-covid-19-pandemic/", "urlToImage": "https://api.time.com/wp-content/uploads/2021/03/time-illustration-pet-theft.jpg?quality=85&w=1200&h=628&crop=1", "publishedAt": "2021-03-12T13:44:53Z", "content": "For years, Roosevelt Rodriguez and his dog Chanel had a routine. The Houston heating technician would get home from work, swing open his front door and greet his French bulldog, who\u2019d spin and dance \u2026 [+12283 chars]", "source.id": "time", "source.name": "Time"}, {"author": "Billy Perrigo", "title": "India\u2019s New Internet Rules Are a Step Toward \u2018Digital Authoritarianism,\u2019 Activists Say. Here\u2019s What They Will Mean", "description": "The Indian government must suspend sweeping new Internet regulations, 10 international NGOs said in an open letter Thursday. The new rules, brought in by executive order in late February, give the Indian government an arsenal of muscular new powers that will \u2026", "url": "https://time.com/5946092/india-internet-rules-impact/", "urlToImage": "https://api.time.com/wp-content/uploads/2021/03/India-censorship.gif?w=1200&h=628&crop=1", "publishedAt": "2021-03-11T18:08:04Z", "content": "The Indian government must suspend sweeping new Internet regulations, 10 international NGOs said in an open letter Thursday.\r\nThe new rules, brought in by executive order in late February, give the I\u2026 [+8268 chars]", "source.id": "time", "source.name": "Time"}, {"author": "Olivia B. Waxman", "title": "11 Questions for Kevin Young, Poet and the New Director of the National Museum of African American History and Culture", "description": "Kevin Young, poet and the new director of the National Museum of African American History and Culture, on Reconstruction and poetry", "url": "https://time.com/5945450/kevin-young-museum-african-american-history/", "urlToImage": "https://api.time.com/wp-content/uploads/2021/03/Kevin_Young_RT_Color.jpg?quality=85&crop=0px%2C191px%2C800px%2C418px&resize=1200%2C628&strip", "publishedAt": "2021-03-12T18:25:00Z", "content": "Americans have a lot of questions about how the U.S. arrived at this historic moment with millions protesting for racial justice in the streets and facing deep seated inequality, and Kevin Young, 50,\u2026 [+7394 chars]", "source.id": "time", "source.name": "Time"}, {"author": "Rosa DeLauro", "title": "The Fight Against Child Poverty in America Finally Takes a Big Step Forward", "description": "I am the first-generation daughter of Italian immigrants. My mother worked behind a sewing machine in the sweatshops of New Haven, Connecticut. My dad sold insurance. Both my parents made the work of their lives helping other immigrants and helping ease their\u2026", "url": "https://time.com/5946068/child-poverty-america-stimulus/", "urlToImage": "https://api.time.com/wp-content/uploads/2021/03/america-child-povery.jpg?quality=85&w=1024&h=628&crop=1", "publishedAt": "2021-03-11T18:48:08Z", "content": "I am the first-generation daughter of Italian immigrants. My mother worked behind a sewing machine in the sweatshops of New Haven, Connecticut. My dad sold insurance. Both my parents made the work of\u2026 [+4803 chars]", "source.id": "time", "source.name": "Time"}]