[{"publishedAt": "2021-03-11T11:30:56Z", "title": "Budget airlines say EU sustainable fuel quotas should apply to all flights", "content": "A group of budget airlines, which do not compete in long-haul markets, and environmental groups wrote to the commission on Wednesday, March 10, asking that any SAF quotas apply not only to flights in\u2026 [+63 chars]", "author": "Reuters"}, {"publishedAt": "2021-03-11T12:55:12Z", "title": "Chinese premier rejects idea that 2021 GDP growth target too \u2018low\u2019", "content": "Chinese Premier Li Keqiang on Thursday, March 11, defended the government's target for more than 6% economic growth this year, saying it is \"not low,\" and policies would not be dramatically loosened \u2026 [+22 chars]", "author": "Reuters"}, {"publishedAt": "2021-03-11T13:55:29Z", "title": "BMW says wind at its back after pandemic dents 2020 profit", "content": "Investments in electrification, self-driving technology, and connectivity meant that research and development costs remained high at 5.7 billion euros ($6.8 billion), though more than 4% below the ne\u2026 [+46 chars]", "author": "Reuters"}, {"publishedAt": "2021-03-11T03:52:38Z", "title": "Nike CEO says company has been working on anti-bot technology", "content": "Heidi ONeill, Nikes president of consumer and marketplace, also spoke in the meeting, saying that Ann Hebert had \"demonstrated poor judgment.\" While Hebert disclosed her son's business in 2018, Nike \u2026 [+173 chars]", "author": "Gelo Gonzales"}, {"publishedAt": "2021-03-12T01:35:16Z", "title": "World stock markets hit 2-week high as inflation worries abate", "content": "The Dow Jones Industrial Average rose 188.57 points, or 0.58%, to 32,485.59, the S&amp;P 500 gained 40.46 points, or 1.04%, to 3,939.27, and the Nasdaq Composite added 329.84 points, or 2.52%, to 13,\u2026 [+6 chars]", "author": "Reuters"}, {"publishedAt": "2021-03-11T03:15:43Z", "title": "Warren Buffett\u2019s net worth reaches $100 billion", "content": "Forbes said Buffett ranks 5th on its list of the world's richest people, after Amazon.com's Jeff Bezos, Tesla's Elon Musk, LVMH Moet Hennessy's Bernard Arnault and his family, and the philanthropist \u2026 [+47 chars]", "author": "Reuters"}, {"publishedAt": "2021-03-11T02:30:11Z", "title": "GameStop ends up 7.3% after wild swings, other \u2018meme stocks\u2019 soar", "content": "Investors short GameStop shares have incurred over $1.3 billion in losses over the last couple of days, forcing some to abandon their positions and buy back the stock in a phenomenon known as a short\u2026 [+88 chars]", "author": "Reuters"}, {"publishedAt": "2021-03-11T04:10:46Z", "title": "Ayala profits decline 51% in 2020, capex higher for 2021", "content": "A sociologist by heart, a journalist by profession. Ralf is Rappler's business reporter, covering macroeconomy, government finance, companies, and agriculture.", "author": "Ralf Rivas"}, {"publishedAt": "2021-03-11T05:40:15Z", "title": "US SEC warns against investing in SPACs based solely on celebrity backing", "content": "The SEC said a celebrity endorsement of a SPAC does not necessarily make it a safe bet for investors. Celebrities, like others, can be enticed into a risky investment, but they may be better able to \u2026 [+58 chars]", "author": "Reuters"}, {"publishedAt": "2021-03-12T03:20:51Z", "title": "World Bank approves $500-million loan for Philippines\u2019 COVID-19 vaccines", "content": "\"Procuring and administering vaccines provides the country an added layer of defense against COVID-19 on top of public health measures or interventions like social distancing, wearing of masks, and w\u2026 [+108 chars]", "author": "Ralf Rivas"}, {"publishedAt": "2021-03-11T02:15:41Z", "title": "US consumer prices rise; underlying inflation muted for now", "content": "Excluding the volatile food and energy components, the CPI nudged up 0.1% after being unchanged for two straight months. The so-called core CPI was lifted by a surprise pickup in rents as well as ris\u2026 [+176 chars]", "author": "Reuters"}, {"publishedAt": "2021-03-11T02:45:23Z", "title": "Stocks climb as data eases inflation jitters", "content": "The Dow Jones Industrial Average closed up 462.97 points, or 1.45%, at 32,297.02, the S&amp;P 500 gained 23.37 points, or 0.60%, to 3,898.81, and the Nasdaq Composite dropped 4.99 points, or 0.04%, t\u2026 [+11 chars]", "author": "Reuters"}, {"publishedAt": "2021-03-11T06:50:39Z", "title": "US selects Feinberg firm to oversee Boeing 737 MAX victim fund", "content": "Feinberg and Biros have administered many compensation funds including for victims of the September 11, 2001, attacks on the United States, the 2010 Deepwater Horizon oil spill, General Motors igniti\u2026 [+48 chars]", "author": "Reuters"}, {"publishedAt": "2021-03-11T12:15:12Z", "title": "\u2018As long as it lasts\u2019: Rolls-Royce says it can weather crisis despite record loss", "content": "Rolls, founded in 1906 and one of the last vestiges of Britain's once mighty manufacturing industry, posted an underlying pretax loss of 4 billion pounds for 2020, worse than analyst expectations for\u2026 [+69 chars]", "author": "Reuters"}, {"publishedAt": "2021-03-11T12:40:08Z", "title": "Norwegian Air makes final restructuring offer to creditors", "content": "Financed largely by debt, Norwegian had grown rapidly to become a major carrier by the time of the COVID-19 outbreak, serving routes across Europe and flying to North and South America, Southeast Asi\u2026 [+22 chars]", "author": "Reuters"}, {"publishedAt": "2021-03-12T02:07:29Z", "title": "SoftBank-backed Grab in talks to go public in nearly $40-B SPAC deal \u2013 sources", "content": "Grab Holdings Inc is in talks to go public through a merger with a special purpose acquisition company that could value the ride-hailing giant at nearly $40 billion, making it the largest ever blank-\u2026 [+70 chars]", "author": "Reuters"}, {"publishedAt": "2021-03-12T01:46:00Z", "title": "German industry urges EU to toughen response to unfair Chinese trade practices", "content": "China on Thursday concluded its annual, weeklong session of the National People's Congress in which it set a modest growth target for 2021, unveiled changes to Hong Kong's electoral system, and laid \u2026 [+62 chars]", "author": "Reuters"}, {"publishedAt": "2021-03-12T02:55:48Z", "title": "UK urged to create garment industry watchdog to tackle labor abuses", "content": "Britain needs a garment industry watchdog to stop labor abuses, from low pay to poor working conditions, lawmakers said on Friday, March 12, citing concerns over a lack of progress in tackling exploi\u2026 [+52 chars]", "author": "Thomson Reuters Foundation"}, {"publishedAt": "2021-03-11T08:44:42Z", "title": "WATCH: 'Rurouni Kenshin: The Final' reveals full trailer", "content": "Actor Takeru Satoh reprises his role as the lead wandering swordsman, Kenshin Himura, while Japanese-American actor Mackenyu joins the cast as the new lead villain, Enishi Yukishiro. Original directo\u2026 [+59 chars]", "author": "Rappler.com"}, {"publishedAt": "2021-03-11T15:15:15Z", "title": "British American Tobacco tries Canadian pot luck", "content": "\"As global cannabis deregulation gains pace, led by the US, we have been approached by an increasing number of Big Tobacco, Big Pharma, and leading FMCG companies, looking to invest in the cannabis s\u2026 [+108 chars]", "author": "Reuters"}]